{
  "data_min_": [
    0.0935835858549677
  ],
  "data_max_": [
    250.91765595877115
  ]
}